2026-10-01 09:40:22,J101_Malachite_6,15,4,6,0,0,143,26,40,1,3,1,60
2026-10-01 09:41:22,J101_Malachite_11,15,5,6,0,0,140,24,45,1,2,1,55
2026-10-01 09:42:22,J101_Malachite_16,15,7,5,0,0,138,9,58,1,2,0,60
2026-10-01 09:43:22,J101_Malachite_21,15,9,2,0,0,137,8,82,1,2,1,60
2026-10-01 09:44:23,J101_Malachite_26,15,7,2,0,1,129,8,78,1,4,1,39
2026-10-01 09:45:24,J101_Galena_3,15,7,2,0,1,125,8,78,1,5,0,47
2026-10-01 09:46:24,J101_Galena_8,15,9,1,0,1,124,8,90,1,4,0,42
2026-10-01 09:47:24,J101_Galena_13,15,7,1,0,1,122,7,88,1,4,2,41
2026-10-01 09:48:24,J101_Galena_18,15,7,1,2,1,115,6,88,1,3,1,6
2026-10-01 09:49:24,J101_Galena_23,15,7,1,2,1,110,5,88,1,4,0,5
2026-10-01 09:50:24,J101_Galena_28,15,6,3,0,1,110,4,67,1,4,1,4
2026-10-01 09:51:26,J101_Limestone_5,15,8,3,0,1,104,4,73,1,2,1,1
2026-10-01 09:52:28,J101_Limestone_8,15,8,3,0,1,101,4,73,1,3,0,0
2026-10-01 09:53:28,J101_Limestone_11,15,7,5,0,1,99,4,58,1,2,0,0
2026-10-01 09:54:28,J101_Limestone_11,15,7,5,0,1,99,4,58,1,2,0,0
2026-10-01 09:55:29,J101_Limestone_11,15,7,5,0,1,99,4,58,1,2,0,0
2026-10-01 09:56:29,J101_Limestone_11,15,7,5,0,1,99,4,58,1,2,0,0
2026-10-01 09:57:29,J101_Limestone_11,15,7,5,0,1,99,4,58,1,2,0,0
2026-10-01 09:58:30,J101_Limestone_11,15,7,5,0,1,99,4,58,1,2,0,0
2026-10-01 09:59:30,J101_Limestone_11,15,7,5,0,1,99,4,58,1,2,0,0
2026-10-01 10:00:31,J101_Limestone_13,15,11,1,0,1,103,4,92,1,1,1,33
2026-10-01 10:01:31,J101_Limestone_13,15,11,1,0,1,103,4,92,1,1,1,33
2026-10-01 10:02:32,J101_Limestone_13,15,11,1,0,1,103,4,92,1,1,1,33
2026-10-01 10:03:32,J101_Limestone_13,15,11,1,0,1,103,4,92,1,1,1,33
2026-10-01 10:04:32,J101_Limestone_13,15,11,1,0,1,103,4,92,1,1,1,33
2026-10-01 10:05:32,J101_Limestone_13,15,11,1,0,1,103,4,92,2,0,1,33
2026-10-01 10:06:32,J101_Limestone_13,15,11,2,0,1,103,4,85,2,0,0,33
2026-10-01 10:07:32,J101_Limestone_14,15,9,1,0,1,102,4,90,2,2,1,42
2026-10-01 10:08:32,J101_Limestone_14,15,8,2,0,1,102,4,80,2,2,1,43
2026-10-01 10:09:32,J101_Limestone_14,15,8,1,0,1,101,4,89,2,3,1,45
2026-10-01 10:10:36,J101_Limestone_14,15,8,1,0,1,101,4,89,2,3,1,45
2026-10-01 10:11:36,J101_Limestone_14,15,7,2,0,1,101,4,78,2,4,0,39
2026-10-01 10:12:36,J101_Limestone_15,15,10,2,0,1,101,4,83,2,1,0,39
2026-10-01 10:13:36,J101_Limestone_16,15,8,2,0,1,106,4,80,2,3,0,32
2026-10-01 10:14:37,J101_Limestone_16,15,9,1,0,1,106,4,90,2,1,2,30
2026-10-01 10:15:38,J101_Limestone_16,15,9,1,0,1,106,4,90,2,1,2,30
2026-10-01 10:16:38,J101_Limestone_16,15,9,1,0,1,106,4,90,2,1,2,30
2026-10-01 10:17:38,J101_Limestone_17,15,10,2,0,1,106,4,83,1,0,2,30
2026-10-01 10:18:38,J101_Sandstone_1,15,11,2,0,1,97,66,85,1,1,0,14
2026-10-01 10:19:39,J101_Sandstone_14,15,9,1,2,1,102,192,90,1,1,1,2
2026-10-01 10:20:39,J101_Sandstone_26,19,9,7,0,1,101,232,56,1,2,0,0
2026-10-01 10:21:40,J101_Timber_11,19,8,6,0,1,107,158,57,1,3,1,0
2026-10-01 10:22:41,J101_Timber_23,19,10,4,3,1,107,155,71,1,1,0,60
2026-10-01 10:23:41,J101_Moonstone_6,19,10,2,1,0,101,152,83,1,4,1,46
2026-10-01 10:24:42,J101_Moonstone_18,19,11,0,2,0,110,150,100,1,5,0,65
2026-10-01 10:25:44,J101_Opal_2,19,11,0,2,0,98,145,100,1,5,0,63
2026-10-01 10:26:49,J101_Opal_14,19,12,0,2,0,103,144,100,1,4,0,92
2026-10-01 10:27:50,J101_Opal_25,19,10,0,2,0,122,139,100,1,5,1,30
2026-10-01 10:28:51,J101_Obsidian_10,19,9,0,2,0,133,134,100,1,4,3,49
2026-10-01 10:29:51,J101_Obsidian_22,19,10,0,3,0,121,132,100,1,3,2,3
2026-10-01 10:30:54,J102_Granite_6,19,12,1,2,0,110,126,92,1,2,1,0
2026-10-01 10:31:55,J102_Granite_19,19,12,2,2,0,99,65,86,1,1,1,0
2026-10-01 10:32:55,J102_Slate_3,23,18,0,2,0,128,64,100,1,2,0,0
2026-10-01 10:33:55,J102_Slate_16,24,17,0,2,0,118,59,100,1,2,1,0
2026-10-01 10:34:55,J102_Slate_28,24,14,1,3,0,101,56,93,1,3,1,0
2026-10-01 10:35:56,J102_Felsite_12,24,12,3,1,0,114,55,80,1,5,1,0
2026-10-01 10:37:00,J102_Felsite_24,24,15,1,1,0,113,53,94,1,4,1,48
2026-10-01 10:38:11,J102_Hematite_6,24,15,2,2,0,101,53,88,1,3,0,0
2026-10-01 10:39:12,J102_Hematite_11,24,16,0,1,0,109,52,100,1,4,1,40
2026-10-01 10:40:15,J102_Hematite_12,24,12,3,1,0,109,52,80,2,3,2,40
