echtzeit;spieldatum;buerger;erwachsene;kinder;ohne_auftrag;mahlzeiten;getraenke;pflanzen;tierkadaver;zwergenleichen;trupp;grabjobs;feinde;sawdeadbody;death;ghosthaunt;zivilwarnung
2026-10-01 08:53:11;6. Timber, Jahr 100;7;7;0;7;0;60;30;0;0;0;0;0;0;0;0;0
2026-10-01 08:53:25;7. Timber, Jahr 100;7;7;0;7;0;60;30;0;0;0;0;0;0;0;0;0
2026-10-01 08:54:49;12. Timber, Jahr 100;7;7;0;6;0;60;30;0;0;0;0;0;0;0;0;0
2026-10-01 08:57:36;26. Timber, Jahr 100;7;7;0;5;0;53;30;0;0;0;3;0;0;0;0;0
2026-10-01 08:59:45;8. Moonstone, Jahr 100;7;7;0;2;0;47;24;0;0;0;7;0;0;0;0;0
2026-10-01 09:01:52;17. Moonstone, Jahr 100;7;7;0;0;0;46;23;0;0;0;3;0;0;0;0;0
2026-10-01 09:03:47;26. Moonstone, Jahr 100;7;7;0;4;30;130;5;0;0;0;22;0;0;0;0;0
2026-10-01 09:04:08;28. Moonstone, Jahr 100;7;7;0;5;30;155;0;0;0;0;17;0;0;0;0;0
2026-10-01 09:08:49;24. Opal, Jahr 100;7;7;0;3;66;102;0;0;0;2;22;0;0;0;0;0
2026-10-01 09:10:36;4. Obsidian, Jahr 100;7;7;0;6;66;97;0;0;0;2;20;0;0;0;0;0
2026-10-01 09:11:18;7. Obsidian, Jahr 100;7;7;0;6;14;97;0;0;0;2;4;0;0;0;0;0
2026-10-01 09:12:58;16. Obsidian, Jahr 100;7;7;0;1;8;95;2;0;0;2;24;0;0;0;0;0
2026-10-01 09:19:06;17. Granite, Jahr 101;7;7;0;2;11;87;5;3;0;5;54;0;16;0;0;0
2026-10-01 09:24:12;15. Slate, Jahr 101;7;7;0;1;23;84;3;3;0;5;78;0;21;0;0;0
2026-10-01 09:37:20;24. Hematite, Jahr 101;7;7;0;1;22;145;2;4;0;5;65;0;28;0;0;0
2026-10-01 09:37:32;25. Hematite, Jahr 101;7;7;0;1;28;145;0;4;0;5;57;0;28;0;0;0
2026-10-01 09:40:26;6. Malachite, Jahr 101;15;15;0;9;25;141;2;4;0;7;59;0;56;0;0;0
2026-10-01 09:40:42;8. Malachite, Jahr 101;15;15;0;8;25;141;3;4;0;7;55;0;56;0;0;0
2026-10-01 09:41:31;12. Malachite, Jahr 101;15;15;0;9;21;139;6;4;0;7;58;0;56;0;0;0
2026-10-01 10:05:19;13. Limestone, Jahr 101;15;15;0;3;4;103;6;4;0;8;33;0;56;0;1;0
2026-10-01 10:05:46;13. Limestone, Jahr 101;15;15;0;3;4;103;6;4;0;8;33;0;56;0;1;0
2026-10-01 10:20:39;26. Sandstone, Jahr 101;19;19;0;11;232;99;15;4;0;8;0;0;72;0;1;0
2026-10-01 10:37:09;26. Felsite, Jahr 102;24;23;1;3;53;109;20;4;0;6;11;0;88;0;0;0
2026-10-01 10:38:50;11. Hematite, Jahr 102;24;23;1;5;52;109;25;4;0;6;40;0;88;0;0;0
2026-10-01 10:40:21;12. Hematite, Jahr 102;24;23;1;7;52;109;25;4;0;6;63;0;88;0;0;0
